{"cameraMode":{"drawMode":0,"name":"Shaded","section":"Shading Mode"},"sceneLighting":false,"audioPlay":false,"sceneViewState":{"showFog":true,"showMaterialUpdate":false,"showSkybox":true,"showFlares":true,"showImageEffects":true,"showParticleSystems":true},"in2DMode":false,"pivot":{"x":-12.159658432006836,"y":-13.917264938354493,"z":-23.787700653076173},"rotation":{"x":-0.03961780667304993,"y":0.9202989339828491,"z":-0.37701311707496645,"w":-0.09670765697956085},"size":50.94483184814453,"orthographic":false}