{"cameraMode":{"drawMode":0,"name":"Shaded","section":"Shading Mode"},"sceneLighting":false,"audioPlay":false,"sceneViewState":{"showFog":true,"showMaterialUpdate":false,"showSkybox":true,"showFlares":true,"showImageEffects":true,"showParticleSystems":true},"in2DMode":false,"pivot":{"x":0.49000000953674319,"y":0.699999988079071,"z":0.46000000834465029},"rotation":{"x":-0.02527504228055477,"y":0.9746695756912231,"z":-0.16260583698749543,"w":-0.15149527788162232},"size":28.11553192138672,"orthographic":false}